PROPERTY TYPE,ADDRESS,CITY,STATE OR PROVINCE,ZIP OR POSTAL CODE,PRICE,BEDS,BATHS,LOCATION,SQUARE FEET,LOT SIZE,YEAR BUILT,DAYS ON MARKET,$/SQUARE FEET,HOA/MONTH,URL (SEE http://www.redfin.com/buy-a-home/comparative-market-analysis FOR INFO ON PRICING),MLS,LATITUDE,LONGITUDE
Single Family Residential,125 Brook Ave,Boston,MA,2125,699999,5,3,Boston,2350,4094,1900,6,298,,http://www.redfin.com/MA/Boston/125-Brook-Ave-02125/home/9064728,72896088,42.3203415,-71.0726423
Condo/Co-op,15 Harvest St #3,Boston,MA,2125,529999,2,1,Boston,874,874,1896,6,606,125,http://www.redfin.com/MA/Dorchester/15-Harvest-St-02125/unit-3/home/28646735,72896029,42.3229195,-71.0575071
Multi-Family (2-4 Unit),30-32 Westmore Rd,Boston,MA,2126,579900,6,2,Boston,2471,4052,1925,7,235,,http://www.redfin.com/MA/Boston/30-Westmore-Rd-02126/home/9159238,72895108,42.2843671,-71.0963474
Condo/Co-op,15a Goodway #1,Boston,MA,2130,645000,2,2,Jamaica Plain,1154,,1920,7,559,208,http://www.redfin.com/MA/Boston/15-15A-Goodway-Rd-02130/unit-1/home/9152742,72895042,42.28958419,-71.11543404
Condo/Co-op,121 Salem St Unit 2C,Boston,MA,2113,475000,1,1,Boston,460,460,1920,13,1033,198,http://www.redfin.com/MA/Boston/121-Salem-St-02113/unit-2C/home/9278424,72892398,42.3645604,-71.0553766
Condo/Co-op,60 Bryon Rd #1,Boston,MA,2467,339999,2,1,Chestnut Hill,786,786,1950,13,433,298,http://www.redfin.com/MA/Chestnut-Hill/60-Bryon-Rd-02467/unit-1/home/9204335,72892351,42.3014659,-71.1674548
Condo/Co-op,7 Fairbanks St #2,Boston,MA,2135,424999,2,1,Boston,970,970,1910,22,438,250,http://www.redfin.com/MA/Brighton/7-Fairbanks-St-02135/unit-2/home/9328874,72888234,42.3493675,-71.1628381
Single Family Residential,21 Pierpont Rd,Boston,MA,2132,1199000,3,2.5,West Roxbury,2331,7500,1920,35,514,,http://www.redfin.com/MA/West-Roxbury/21-Pierpont-Rd-02132/home/9203144,72883061,42.2911207,-71.1491452
Condo/Co-op,501 E 5Th St #3,Boston,MA,2127,824999,2,1,Boston,1115,1115,1890,42,740,158,http://www.redfin.com/MA/Boston/501-E-5th-St-02127/unit-3/home/9309350,72879564,42.3337586,-71.0407723
Condo/Co-op,180 COMMONWEALTH Ave #7,Boston,MA,2116,1275000,3,2,Back Bay,1070,1070,1925,51,1192,640,http://www.redfin.com/MA/Boston/180-Commonwealth-Ave-02116/unit-7/home/9265011,72874825,42.3510958,-71.0795365
Single Family Residential,5023 Washington St,Boston,MA,2132,625000,4,2,Boston,1134,4052,1950,56,551,,http://www.redfin.com/MA/West-Roxbury/5023-Washington-St-02132/home/9218792,72872636,42.2660368,-71.1523016
Multi-Family (2-4 Unit),90 Milton Ave,Boston,MA,2124,744000,6,3,Boston,2857,3380,1920,57,260,,http://www.redfin.com/MA/Boston/90-Milton-Ave-02124/home/11834834,72871981,42.2827665,-71.0760778
Condo/Co-op,997-1003 Saratoga St #2,Boston,MA,2128,259000,1,1,Boston,559,559,1910,69,463,100,http://www.redfin.com/MA/Boston/997-Saratoga-St-02128/unit-2/home/21717576,72866026,42.386406,-71.0068003
Condo/Co-op,12 Stoneholm St #502,Boston,MA,2115,485000,1,1,Boston,575,458,1970,22,843,504,http://www.redfin.com/MA/Boston/12-Stoneholm-St-02115/unit-502/home/12439567,72861266,42.3457137,-71.0885115
Condo/Co-op,5 Linda Ln Unit 4-3,Boston,MA,2125,335000,1,1,Boston,675,675,1965,1,496,294,http://www.redfin.com/MA/Boston/5-Linda-Ln-02125/unit-4-3/home/9063218,72876910,42.3122334,-71.0506477
Condo/Co-op,78 Montebello Rd #2,Jamaica Plain,MA,2130,599000,2,1,,1077,,1905,,556,,http://www.redfin.com/MA/Jamaica-Plain/78-Montebello-Rd-02130/unit-2/home/11737802,,42.3119557,-71.0997078
Condo/Co-op,70 Lincoln St Unit L413,Boston,MA,2111,870000,2,2,Boston,1055,1055,2006,5,825,708,http://www.redfin.com/MA/Boston/70-Lincoln-St-02111/unit-L413/home/12440257,72841787,42.352092,-71.0579088
Condo/Co-op,293 Beacon St #8,Boston,MA,2116,675000,1,1,Boston,565,565,1899,54,1195,376,http://www.redfin.com/MA/Boston/293-Beacon-St-02116/unit-8/home/9248612,72855840,42.3529657,-71.0808132
Condo/Co-op,614 Columbus Ave #8,Boston,MA,2118,780000,2,1.5,Boston,994,1708,1890,47,785,422,http://www.redfin.com/MA/Boston/614-Columbus-Ave-02118/unit-8/home/9287648,72857762,42.3395884,-71.0828143
Condo/Co-op,43 Anderson St #2,Boston,MA,2114,705000,1,1,Boston,650,650,1900,50,1085,292,http://www.redfin.com/MA/Boston/43-Anderson-St-02114/unit-2/home/9257453,72837966,42.359617,-71.0679195
Condo/Co-op,65 E India Row Unit 15H,Boston,MA,2110,785000,1,1,Boston,883,883,1970,12,889,797,http://www.redfin.com/MA/Boston/65-E-India-Row-02110/unit-15H/home/9260812,72856748,42.3576699,-71.0504859
Condo/Co-op,238 S Huntington Ave #6,Boston,MA,2130,505000,2,1,Boston,893,893,1935,27,566,366,http://www.redfin.com/MA/Jamaica-Plain/238-S-Huntington-Ave-02130/unit-6/home/9242123,72859529,42.3249764,-71.1119638
Condo/Co-op,74 Fenway #32,Boston,MA,2115,455000,1,1,Boston,425,425,1925,2,1071,223,http://www.redfin.com/MA/Boston/74-Fenway-02115/unit-32/home/11836979,72876920,42.3427395,-71.09087
Single Family Residential,22 Nancy Rd,Dedham,MA,2026,426000,2,1,Dedham,810,8099,1950,13,526,,http://www.redfin.com/MA/Dedham/22-Nancy-Rd-02026/home/8851860,72849308,42.2546611,-71.1600067
Townhouse,21 Dorr St Unit A,Boston,MA,2119,815000,3,2.5,Boston,2089,2165,2004,68,390,250,http://www.redfin.com/MA/Boston/21-Dorr-St-02119/unit-A/home/11838229,72835116,42.3271177,-71.0917598
Condo/Co-op,77 Pearl St #1,Charlestown,MA,2129,520000,1,1,,580,,1875,,897,,http://www.redfin.com/MA/Charlestown/77-Pearl-St-02129/unit-1/home/12431272,,42.3801108,-71.0628845
Condo/Co-op,27-29 Commonwealth Ave #6,Newton,MA,2467,520000,1,1,Newton,753,14993,1927,71,691,490,http://www.redfin.com/MA/Chestnut-Hill/27-Commonwealth-Ave-02467/unit-6/home/19003435,72827543,42.3401454,-71.1678091
Single Family Residential,24 Hamilton St,Boston,MA,2136,630000,3,2,Boston,1900,9900,1910,23,332,,http://www.redfin.com/MA/Hyde-Park/24-Hamilton-St-02136/home/9134734,72866994,42.235691,-71.131251
Townhouse,60 Newton St #60,Boston,MA,2135,840000,3,2.5,Boston,1600,1600,2013,71,525,215,http://www.redfin.com/MA/Boston/60-Newton-St-02135/unit-60/home/45493841,72824450,42.3568878,-71.1654273
Single Family Residential,51 Stanbro St,Boston,MA,2136,725000,3,2.5,Boston,2226,5979,2002,27,326,,http://www.redfin.com/MA/Hyde-Park/51-Stanbro-St-02136/home/9315514,72862112,42.2344696,-71.1296495
Condo/Co-op,6 Hamilton Rd #1,Brookline,MA,2446,1025000,3,2,,1321,,1915,,776,,http://www.redfin.com/MA/Brookline/6-Hamilton-Rd-02446/unit-1/home/11448728,,42.3503687,-71.1258091
Condo/Co-op,319 Forest Hills St #2,Boston,MA,2130,675000,2,2,Boston,1070,,2016,33,631,182,http://www.redfin.com/MA/Boston/319-Forest-Hills-St-02130/unit-2/home/105490788,72846107,42.3019323,-71.1056499
Condo/Co-op,1117 River St #2,Boston,MA,2136,415000,2,1,Boston,840,840,1935,83,494,324,http://www.redfin.com/MA/Hyde-Park/1117-River-St-02136/unit-2/home/21719508,72838566,42.2577058,-71.1197156
Condo/Co-op,2 Ballard Way #1,Boston,MA,2130,607500,2,1,Boston,815,815,1880,26,745,150,http://www.redfin.com/MA/Jamaica-Plain/2-Ballard-Way-02130/unit-1/home/40352858,72865410,42.3063647,-71.1175034
Condo/Co-op,145 Bennington St #112,Revere,MA,2151,310000,1,1,Revere,605,,2006,83,512,280,http://www.redfin.com/MA/Revere/145-Bennington-St-02151/unit-112/home/18960956,72825247,42.3943026,-70.9941979
Condo/Co-op,35 Commonwealth Ave #102,Newton,MA,2467,769000,2,2,Newton,1102,48829,2007,90,698,512,http://www.redfin.com/MA/Chestnut-Hill/35-Commonwealth-Ave-02467/unit-102/home/12519698,72807055,42.3404741,-71.168274
Condo/Co-op,116 Spring St Unit A4,Boston,MA,2132,260000,1,1,Boston,800,800,1960,44,325,211,http://www.redfin.com/MA/West-Roxbury/116-Spring-St-02132/unit-A4/home/9201481,72869882,42.2765659,-71.1651356
Condo/Co-op,8 Wendeller St #2,Boston,MA,2127,665000,2,1,Boston,906,906,2009,41,734,154,http://www.redfin.com/MA/Boston/8-Wendeller-St-02127/unit-2/home/22195362,72854708,42.3288957,-71.0545542
Condo/Co-op,327 Centre St #203,Boston,MA,2130,470000,2,1,Boston,957,957,2006,61,491,353,http://www.redfin.com/MA/Jamaica-Plain/327-Centre-St-02130/unit-203/home/77507413,72817951,42.3228944,-71.1047356
Condo/Co-op,60 Lithgow #2,Boston,MA,2124,599999,3,2,Boston,1300,,1905,1,462,149,http://www.redfin.com/MA/Dorchester-Center/60-Lithgow-St-02124/unit-2/home/176497472,72898843,42.2907089,-71.0679532
Multi-Family (2-4 Unit),58 Trenton St,Boston,MA,2128,949000,7,3,Boston,2652,1575,1900,1,358,,http://www.redfin.com/MA/Boston/58-Trenton-St-02128/home/9119429,72898841,42.3787218,-71.0373614
Condo/Co-op,14 Heron St #202,Boston,MA,2132,359000,2,1,West Roxbury,872,872,1987,1,412,495,http://www.redfin.com/MA/Boston/14-Heron-St-02132/unit-202/home/9200491,72898842,42.2693211,-71.1496326
Condo/Co-op,568 E Broadway #1,Boston,MA,2127,825000,2,2,South Boston,1285,,1920,1,642,340,http://www.redfin.com/MA/Boston/568-E-Broadway-02127/unit-1/home/21659514,72898828,42.335751,-71.0414191
Multi-Family (2-4 Unit),10 Melville Ave,Boston,MA,2124,1795000,9,4,Dorchester,6058,35000,1880,1,296,,http://www.redfin.com/MA/Boston/10-Melville-Ave-02124/home/145644048,72898824,42.2941898,-71.0702745
Condo/Co-op,94 Bigelow St #2,Boston,MA,2135,599000,2,2,Brighton,1100,1100,1920,1,545,279,http://www.redfin.com/MA/Brighton/94-Bigelow-St-02135/unit-2/home/11833441,72898821,42.355286,-71.167294
Condo/Co-op,99 Sumner Unit U: 211,Boston,MA,2128,1000000,2,2,East Boston,1126,,2021,1,888,953,http://www.redfin.com/MA/Boston/99-Sumner-St-02128/unit-U-211/home/176497068,72898812,42.3699046,-71.0422875
Townhouse,37A Morton St #32,Boston,MA,2130,610000,2,1.5,Jamaica Plain,1439,,1989,1,424,511,http://www.redfin.com/MA/Boston/37-Morton-St-02130/unit-32/home/9138615,72898795,42.3004202,-71.1098786
Condo/Co-op,320 W Third St #205,Boston,MA,2127,649900,1,1,South Boston,810,,2004,1,802,452,http://www.redfin.com/MA/Boston/320-W-3rd-St-02127/unit-205/home/176496853,72898781,42.3370485,-71.0455517
Single Family Residential,52 Bellamy St,Boston,MA,2135,849900,4,2,Brighton,1518,3994,1925,1,560,,http://www.redfin.com/MA/Brighton/52-Bellamy-St-02135/home/9039679,72898780,42.3547462,-71.1713321
Single Family Residential,55 Gray St,Boston,MA,2116,2700000,3,2.5,Boston,1974,720,1865,1,1368,,http://www.redfin.com/MA/Boston/55-Gray-St-02116/home/9262639,72898778,42.3454741,-71.0722525
Condo/Co-op,20 W Fifth Ph -6B,Boston,MA,2127,899000,1,1.5,South Boston,916,,2021,1,981,561,http://www.redfin.com/MA/Boston/20-W-Fifth-St-02127/unit-6B/home/176496739,72898770,42.3401945,-71.0561375
Condo/Co-op,15 Hancock St #2,Boston,MA,2114,3699000,3,4,Beacon Hill,2636,,1808,1,1403,403,http://www.redfin.com/MA/Boston/15-Hancock-St-02114/unit-2/home/86515182,72898760,42.3606677,-71.0646685
Multi-Family (2-4 Unit),129 Putnam St,Boston,MA,2128,879900,6,4,East Boston,2123,1250,1910,1,414,,http://www.redfin.com/MA/Boston/129-Putnam-St-02128/home/9120269,72898743,42.3784634,-71.032238
Condo/Co-op,6 Alfred St #3,Boston,MA,2130,424000,2,1,Jamaica Plain,558,,1920,1,760,287,http://www.redfin.com/MA/Boston/6-Alfred-St-02130/unit-3/home/11736987,72898746,42.311912,-71.1110416
Condo/Co-op,12 Bond St #2,Boston,MA,2118,694500,1,1,South End,616,616,1890,1,1127,154,http://www.redfin.com/MA/Boston/12-Bond-St-02118/unit-2/home/12404348,72898740,42.3434955,-71.0694853
Condo/Co-op,1872 Commonwealth Ave #2,Boston,MA,2135,299000,1,1,Brighton,440,,1940,1,680,304,http://www.redfin.com/MA/Boston/1872-Commonwealth-Ave-02135/unit-2/home/9027920,72898722,42.3380493,-71.1525105
Condo/Co-op,487 Massachusetts Ave #1,Boston,MA,2118,799900,2,1,South End,1107,1107,1900,1,723,407,http://www.redfin.com/MA/Boston/487-Massachusetts-Ave-02118/unit-1/home/21718280,72898712,42.3393754,-71.0809183
Condo/Co-op,2 W 6th St #206,Boston,MA,2127,799000,2,2,South Boston,1030,,2017,1,776,451,http://www.redfin.com/MA/Boston/2-W-Sixth-St-02127/unit-206/home/167702221,72898699,42.339159,-71.0564005
Condo/Co-op,23 Upton St #2,Boston,MA,2118,2795000,3,2.5,South End,1750,,1899,1,1597,400,http://www.redfin.com/MA/Boston/23-Upton-St-02118/unit-2/home/176495758,72898691,42.3423715,-71.0719807
Townhouse,105 Beacon #1,Boston,MA,2116,449000,0,1,Back Bay,415,1200,1920,1,1082,192,http://www.redfin.com/MA/Boston/105-Beacon-St-02116/unit-1/home/12440355,72898675,42.355041,-71.072964
Single Family Residential,38 Chilton Rd,Boston,MA,2132,649000,3,1.5,West Roxbury,1178,4750,1932,1,551,,http://www.redfin.com/MA/Boston/38-Chilton-Rd-02132/home/9206830,72898669,42.2926855,-71.1609814
Condo/Co-op,266 Arborway #1,Boston,MA,2130,659000,2,1,Jamaica Plain,1064,,1924,1,619,250,http://www.redfin.com/MA/Jamaica-Plain/266-Arborway-02130/unit-1/home/9309921,72898661,42.3046576,-71.1192514
Condo/Co-op,2 Sinclair #203,Boston,MA,2134,575000,1,1,Allston,585,,2021,1,983,351,http://www.redfin.com/MA/Boston/2-Sinclair-Pl-02134/unit-203/home/176495411,72898655,42.353908,-71.1399501
Townhouse,180 Marlborough St #2,Boston,MA,2116,2395000,3,2.5,Back Bay,1970,1970,1890,1,1216,352,http://www.redfin.com/MA/Boston/180-Marlborough-St-02116/unit-2/home/9249321,72898653,42.3522976,-71.0798241
Condo/Co-op,60 Lithgow #3,Boston,MA,2124,599999,3,2,Dorchester's Dorchester Center,1300,,1905,1,462,149,http://www.redfin.com/MA/Dorchester-Center/60-Lithgow-St-02124/unit-3/home/176495316,72898650,42.2907089,-71.0679532
Condo/Co-op,2 Sinclair #201,Boston,MA,2134,735000,1,1,Allston,821,,2021,1,895,493,http://www.redfin.com/MA/Boston/2-Sinclair-Pl-02134/unit-201/home/176495314,72898645,42.353908,-71.1399501
Multi-Family (2-4 Unit),245 Chelsea St,Boston,MA,2128,2395000,11,6,East Boston,4798,2000,1900,1,499,,http://www.redfin.com/MA/Boston/245-Chelsea-St-02128/home/9118477,72898582,42.375803,-71.031536
Condo/Co-op,67 South St #4,Boston,MA,2130,725000,2,2,Jamaica Plain,968,,2016,1,749,261,http://www.redfin.com/MA/Jamaica-Plain/67-South-St-02130/unit-4/home/102228094,72898586,42.3074385,-71.1157234
Single Family Residential,11 Converse St,Boston,MA,2135,749999,3,1,Oak's Square,1019,4356,1905,1,736,,http://www.redfin.com/MA/Brighton/11-Converse-St-02135/home/9017514,72898560,42.3563328,-71.1559685
Townhouse,39A Bynner St #39,Boston,MA,2130,1195000,3,2.5,Jamaica Plain,2011,,2006,1,594,250,http://www.redfin.com/MA/Jamaica-Plain/39-Bynner-St-02130/unit-39/home/40295341,72898541,42.3235692,-71.1101732
Single Family Residential,39 Bynner St,Boston,MA,2130,1195000,3,2.5,Jamaica Plain,2011,2392,2006,1,594,,http://www.redfin.com/MA/Jamaica-Plain/39-Bynner-St-02130/home/18982506,72898540,42.3235779,-71.1101908
Condo/Co-op,156 Green St #203,Boston,MA,2130,549000,1,1,Jamaica Plain,800,800,2011,1,686,300,http://www.redfin.com/MA/Boston/156-Green-St-02130/unit-203/home/40185165,72898523,42.310466,-71.1065551
Condo/Co-op,63 Congreve St #2,Boston,MA,2131,515000,3,1,Roslindale,1087,1087,1920,1,474,175,http://www.redfin.com/MA/Roslindale/63-Congreve-St-02131/unit-2/home/11740691,72898519,42.2899559,-71.138794
Condo/Co-op,457 W Broadway #407,Boston,MA,2127,995000,2,2,South Boston,928,,2021,1,1072,466,http://www.redfin.com/MA/Boston/457-W-Broadway-02127/unit-407/home/176494360,72898508,42.3358413,-71.046484
Condo/Co-op,457 W Broadway #501,Boston,MA,2127,1100000,2,2,South Boston,968,,2021,1,1136,516,http://www.redfin.com/MA/Boston/457-W-Broadway-02127/unit-501/home/176494359,72898507,42.3358413,-71.046484
Condo/Co-op,457 W Broadway #411,Boston,MA,2127,779000,1,1,South Boston,707,,2021,1,1102,365,http://www.redfin.com/MA/Boston/457-W-Broadway-02127/unit-411/home/176494358,72898506,42.3358413,-71.046484
Condo/Co-op,9 Prospect St #1,Boston,MA,2129,1199000,2,2.5,Charlestown,1831,,2017,1,655,145,http://www.redfin.com/MA/Charlestown/9-Prospect-St-02129/unit-1/home/107248465,72898501,42.3751139,-71.0575071
Condo/Co-op,12 Sheafe #2,Boston,MA,2129,519000,1,1,Charlestown,594,,1899,1,874,130,http://www.redfin.com/MA/Charlestown/12-Sheafe-St-02129/unit-2/home/9048295,72898481,42.3806093,-71.0646491
Condo/Co-op,7 Cypress Rd #703,Boston,MA,2135,449000,2,1,Brighton,576,576,1900,1,780,244,http://www.redfin.com/MA/Brighton/7-Cypress-Rd-02135/unit-703/home/9016137,72898435,42.3544139,-71.1497022
Condo/Co-op,50 Sullivan St #2,Boston,MA,2129,619000,2,1,Charlestown,704,,1990,1,879,180,http://www.redfin.com/MA/Charlestown/50-Sullivan-St-02129/unit-2/home/9310275,72898426,42.3787951,-71.0656435
Condo/Co-op,2400 Beacon St #411,Boston,MA,2467,990000,1,1.5,Boston,1001,1001,2006,1,989,751,http://www.redfin.com/MA/Chestnut-Hill/2400-Beacon-St-02467/unit-411/home/12440236,72898422,42.3336022,-71.1530121
Condo/Co-op,20 Spalding St #2,Boston,MA,2130,665000,3,1,Jamaica Plain,1002,,1905,1,664,175,http://www.redfin.com/MA/Jamaica-Plain/20-Spalding-St-02130/unit-2/home/44645848,72898421,42.3037676,-71.113588
Single Family Residential,52 Soley St,Boston,MA,2129,1499000,3,2.5,Charlestown,1935,871,1890,1,775,,http://www.redfin.com/MA/Charlestown/52-Soley-St-02129/home/9062716,72898420,42.375137,-71.061153
Single Family Residential,21 Edge Hill St,Boston,MA,2130,799000,3,1.5,Jamaica Plain,1329,1746,1910,1,601,,http://www.redfin.com/MA/Jamaica-Plain/21-Edge-Hill-St-02130/home/9146917,72898380,42.3245207,-71.1069497
Townhouse,171 Marlborough St #1,Boston,MA,2116,1299000,1,1,Back Bay,1380,1380,1880,1,941,487,http://www.redfin.com/MA/Boston/171-Marlborough-St-02116/unit-1/home/9248388,72898338,42.352871,-71.0796061
Condo/Co-op,277 W Third #2,Boston,MA,2127,735000,2,2,South Boston,878,,1900,1,837,130,http://www.redfin.com/MA/Boston/277-W-3rd-St-02127/unit-2/home/40362262,72898336,42.3379328,-71.0476294
Single Family Residential,30 Beacon Street Cir,Milton,MA,2186,750000,3,2.5,Milton,2098,17163,1954,1,357,,http://www.redfin.com/MA/Milton/30-Beacon-St-Cir-02186/home/8903028,72898334,42.2581707,-71.1104313
Condo/Co-op,69 Parkton Rd #3,Boston,MA,2130,849000,3,2,Jamaica Plain,1367,1367,2004,1,621,300,http://www.redfin.com/MA/Jamaica-Plain/69-Parkton-Rd-02130/unit-3/home/11737856,72898327,42.3225612,-71.1150735
Condo/Co-op,4040 Washington St #3,Boston,MA,2131,639900,2,2.5,Roslindale,1705,1705,2006,1,375,652,http://www.redfin.com/MA/Boston/4040-Washington-St-02131/unit-3/home/21718202,72895689,42.2915635,-71.1224868
Condo/Co-op,790 Hyde Park #15,Boston,MA,2136,239900,1,1,Boston,604,,1965,1,397,344,http://www.redfin.com/MA/Boston/790-Hyde-Park-Ave-02136/unit-15/home/9122795,72898308,42.2728398,-71.119788
Single Family Residential,52 Bennett St,Boston,MA,2135,1090000,5,2,Brighton,2406,6510,1900,1,453,,http://www.redfin.com/MA/Brighton/52-Bennett-St-02135/home/9023510,72898304,42.3515696,-71.15569
Condo/Co-op,301 Berkeley Unit 2B,Boston,MA,2116,2375000,2,2,Back Bay,1500,,1923,1,1583,2812,http://www.redfin.com/MA/Boston/301-Berkeley-St-02116/unit-2B/home/11921751,72898302,42.354366,-71.0743368
Condo/Co-op,34 Deckard St #1,Boston,MA,2121,435000,3,2,Boston,1470,1560,1890,1,296,300,http://www.redfin.com/MA/Boston/34-Deckard-St-02121/unit-1/home/21717354,72898296,42.3157489,-71.0851307
Condo/Co-op,74 Manthorne Rd #0,Boston,MA,2132,799000,3,3,West Roxbury,2316,,1920,1,345,250,http://www.redfin.com/MA/West-Roxbury/72-74-Manthorne-Rd-02132/unit-0/home/113708114,72898285,42.289492,-71.151908
Condo/Co-op,8 Whittier Pl Unit 5E,Boston,MA,2114,725000,2,2,West End,1224,,1964,1,592,1040,http://www.redfin.com/MA/Boston/8-Whittier-Pl-02114/unit-5E/home/9228667,72898277,42.3654839,-71.06728
Condo/Co-op,1 dalton #3901,Boston,MA,2115,13900000,3,3.5,Back Bay,3209,,2019,1,4332,7079,http://www.redfin.com/MA/Boston/1-Dalton-St-02199/unit-3901/home/174436393,72898276,42.345,-71.084314
Single Family Residential,19 Forest Hills St,Boston,MA,2130,1100000,3,1,Jamaica Plain,1367,7804,1900,1,805,,http://www.redfin.com/MA/Jamaica-Plain/19-Forest-Hills-St-02130/home/9145647,72898243,42.3116193,-71.1016575
Condo/Co-op,67 Frankfort #301,Boston,MA,2128,369000,1,1,East Boston,484,,1930,1,762,199,http://www.redfin.com/MA/Boston/67-Frankfort-St-02128/unit-301/home/9107644,72898211,42.3705519,-71.0339883
Single Family Residential,84 Bonad Rd,Brookline,MA,2467,1499000,4,2.5,Brookline,2550,5001,1912,1,588,,http://www.redfin.com/MA/CHESTNUT-HILL/84-BONAD-RD-02467/home/11495654,72898191,42.29534,-71.151485
Single Family Residential,15 Montfern Ave,Revere,MA,2151,590000,5,1.5,Revere,2260,4556,1900,1,261,,http://www.redfin.com/MA/Revere/15-Montfern-Ave-02151/home/9006313,72898170,42.394326,-70.9899027
Multi-Family (2-4 Unit),5 Stillman St,Boston,MA,2113,2200000,7,4,North End,3536,904,1899,1,622,,http://www.redfin.com/MA/Boston/5-Stillman-St-02113/home/9278591,72898154,42.3637428,-71.0560562
Condo/Co-op,41 Farragut Rd #3,Boston,MA,2127,1199000,3,2,South Boston's City Point,1410,1410,1920,1,850,300,http://www.redfin.com/MA/Boston/41-Farragut-Rd-02127/unit-3/home/11738455,72898134,42.3368539,-71.0254289
Multi-Family (2-4 Unit),26 Tafthill Ter,Boston,MA,2131,899999,5,2.5,Roslindale,2248,5800,1920,1,400,,http://www.redfin.com/MA/Roslindale/26-Taft-Hill-Ter-02131/home/9169431,72898115,42.2879168,-71.1281176
Single Family Residential,20 Cedar St,Boston,MA,2126,449999,2,2,Boston,948,4810,1935,1,475,,http://www.redfin.com/MA/Mattapan/20-Cedar-St-02126/unit-20/home/21640347,72898109,42.2721113,-71.0752885
Condo/Co-op,1 Taylor St Unit A,Boston,MA,2118,650000,1,1,South End,550,,1899,1,1182,170,http://www.redfin.com/MA/Boston/1-Taylor-St-02118/unit-A/home/9280698,72898089,42.3440762,-71.0684516
Condo/Co-op,437 D St Ph 7C,Boston,MA,2210,2349000,2,2,Seaport District,2442,,1996,1,962,950,http://www.redfin.com/MA/Boston/437-D-St-02210/unit-7C/home/9185947,72898080,42.3451429,-71.0429517
Condo/Co-op,25 Phillips St Unit A,Boston,MA,2114,875000,2,1,Beacon Hill,969,969,1885,1,903,196,http://www.redfin.com/MA/Boston/25-Phillips-St-02114/unit-A/home/9258655,72898056,42.3604164,-71.0674889
Multi-Family (2-4 Unit),340 Baker St,Boston,MA,2132,659000,5,2,West Roxbury,2546,7297,1880,1,259,,http://www.redfin.com/MA/West-Roxbury/340-Baker-St-02132/home/9216712,72898047,42.2809038,-71.1684543
Condo/Co-op,2 Clarendon St #208,Boston,MA,2116,800000,1,1,South End,826,826,1988,1,969,832,http://www.redfin.com/MA/Boston/2-Clarendon-St-02116/unit-208/home/9232909,72898046,42.3442481,-71.0724798
Condo/Co-op,133 Seaport Blvd #1807,Boston,MA,2210,1175000,1,1,Seaport District,683,,2019,1,1720,893,http://www.redfin.com/MA/Boston/133-Seaport-Blvd-02210/unit-1807/home/174425860,72898041,42.3505253,-71.0436017
Townhouse,24-26 Mildred Ave #1,Boston,MA,2126,440000,3,2,Boston,1330,,2006,1,331,250,http://www.redfin.com/MA/Mattapan/24-Mildred-Ave-02126/unit-1/home/21717341,72897999,42.2765489,-71.0915941
Condo/Co-op,192 Dorchester St #2,Boston,MA,2127,1200000,3,2,South Boston,1792,,2016,1,670,,http://www.redfin.com/MA/Boston/192-Dorchester-St-02127/unit-2/home/101101096,72897961,42.3333775,-71.049579
Condo/Co-op,135 Seaport Blvd #1908,Boston,MA,2210,899000,1,1,Seaport District,567,,2020,1,1586,832,http://www.redfin.com/MA/Boston/135-Seaport-Blvd-02210/unit-1908/home/174137330,72897956,42.3499499,-71.0435457
Single Family Residential,51 Sagamore St,Boston,MA,2125,989000,5,3,Dorchester's Savin Hill,2452,3212,1900,1,403,,http://www.redfin.com/MA/Dorchester/51-Sagamore-St-02125/home/11834661,72897953,42.3151292,-71.0543035
Condo/Co-op,135 Seaport Blvd #1218,Boston,MA,2210,842000,0,1,Seaport District,506,,2020,1,1664,703,http://www.redfin.com/MA/Boston/135-Seaport-Blvd-02210/unit-1218/home/176488688,72897947,42.3499752,-71.0435321
Condo/Co-op,95-97 Rossmore Rd #1,Boston,MA,2130,550000,2,1,Jamaica Plain,1005,1005,1910,1,547,180,http://www.redfin.com/MA/Boston/95-Rossmore-Rd-02130/unit-1/home/9298702,72897941,42.3031682,-71.1052832
Single Family Residential,55 Wachusett St,Boston,MA,2136,375000,1,1,Mattapan,864,5852,1950,1,434,,http://www.redfin.com/MA/HYDE-PARK/55-WACHUSETT-ST-02136/home/9164524,72897943,42.261548,-71.101348
Condo/Co-op,281 Webster St #2,Boston,MA,2128,525000,2,1,East Boston's Jeffries Point,873,873,1900,1,601,235,http://www.redfin.com/MA/Boston/281-Webster-St-02128/unit-2/home/18977390,72897921,42.3646093,-71.0305806
Condo/Co-op,135 Seaport Blvd #2001,Boston,MA,2210,2425000,2,2.5,Seaport District,1314,,2020,1,1846,1860,http://www.redfin.com/MA/Boston/135-Seaport-Blvd-02210/unit-2001/home/173645221,72897914,42.3509604,-71.0439013
Condo/Co-op,18 Boynton St #2,Boston,MA,2130,549000,2,1,Jamaica Plain,858,,1905,1,640,265,http://www.redfin.com/MA/Jamaica-Plain/18-Boynton-St-02130/unit-2/home/18982912,72897913,42.3055379,-71.1137273
Condo/Co-op,580 Tremont St #1,Boston,MA,2118,650000,1,1,South End,701,701,1905,1,927,202,http://www.redfin.com/MA/Boston/580-Tremont-St-02118/unit-1/home/176487382,72897911,42.343239,-71.0725494
Condo/Co-op,151 Tremont Unit 7F,Boston,MA,2111,1499000,2,2,Midtown,1050,,1968,1,1428,753,http://www.redfin.com/MA/Boston/151-Tremont-St-02111/unit-7F/home/9279332,72897903,42.3544996,-71.0633802
Condo/Co-op,135 Seaport Blvd #2006,Boston,MA,2210,2399000,2,2.5,Seaport District,1402,,2020,1,1711,2031,http://www.redfin.com/MA/Boston/135-Seaport-Blvd-02210/unit-2006/home/176487315,72897899,42.3499752,-71.0435321
Condo/Co-op,301 Border #610,Boston,MA,2128,875000,2,2,East Boston,919,,2021,1,952,486,http://www.redfin.com/MA/Boston/301-Border-St-02128/unit-610/home/176487314,72897898,42.3779292,-71.0397945
Condo/Co-op,301 Border #508,Boston,MA,2128,605000,1,1,East Boston,697,,2021,1,868,336,http://www.redfin.com/MA/Boston/301-Border-St-02128/unit-508/home/176487313,72897895,42.3779292,-71.0397945
Condo/Co-op,301 Border #402,Boston,MA,2128,675000,2,2,East Boston,1093,,2021,1,618,374,http://www.redfin.com/MA/Boston/301-Border-St-02128/unit-402/home/176487312,72897892,42.3779292,-71.0397945
Condo/Co-op,301 Border #406,Boston,MA,2128,630000,1,1,East Boston,856,,2021,1,736,349,http://www.redfin.com/MA/Boston/301-Border-St-02128/unit-406/home/176487211,72897890,42.3779292,-71.0397945
Single Family Residential,47 Haverford St,Boston,MA,2130,549900,2,1.5,Brewery District,960,1110,1890,1,573,,http://www.redfin.com/MA/Jamaica-Plain/47-Haverford-St-02130/home/9145193,72897874,42.3132452,-71.1016137
Condo/Co-op,58 High St #3,Boston,MA,2129,1125000,2,2,Charlestown,1241,,1865,1,907,200,http://www.redfin.com/MA/Boston/58-High-St-02129/unit-3/home/9061513,72897867,42.376515,-71.064126
Condo/Co-op,3 Battery wharf #3305,Boston,MA,2109,3390000,3,3,Waterfront,2048,,2006,1,1655,3638,http://www.redfin.com/MA/Boston/3-Battery-Wharf-02109/unit-3305/home/17486358,72897844,42.3673532,-71.0503107
Condo/Co-op,1 Primus Ave Unit 8&10,Boston,MA,2114,1325000,3,2.5,Boston,1175,1175,1899,1,1128,830,http://www.redfin.com/MA/Boston/1-Primus-Ave-02114/unit-8-10/home/176486449,72897840,42.3601529,-71.069638
Condo/Co-op,50 Leo Birmingham Pkwy #403,Boston,MA,2135,765000,1,1,Brighton,715,,2021,1,1070,347,http://www.redfin.com/MA/Boston/50-Leo-M-Birmingham-Pkwy-02135/unit-403/home/176485518,72897826,42.3600329,-71.1464994
Condo/Co-op,50 Leo Birmingham Pkwy #202,Boston,MA,2135,945000,2,2,Brighton,1070,,2021,1,883,431,http://www.redfin.com/MA/Boston/50-Leo-M-Birmingham-Pkwy-02135/unit-202/home/176485227,72897817,42.3600329,-71.1464994
Condo/Co-op,50 Leo Birmingham Pkwy #607,Boston,MA,2135,688000,0,1,Brighton,540,,2021,1,1274,305,http://www.redfin.com/MA/Boston/50-Leo-M-Birmingham-Pkwy-02135/unit-607/home/176485226,72897816,42.3600329,-71.1464994
Condo/Co-op,50 Leo Birmingham Pkwy #508,Boston,MA,2135,779000,1,1,Brighton,625,,2021,1,1246,356,http://www.redfin.com/MA/Boston/50-Leo-M-Birmingham-Pkwy-02135/unit-508/home/176485225,72897815,42.3600329,-71.1464994
Condo/Co-op,50 Leo Birmingham Pkwy #302,Boston,MA,2135,985000,2,2,Brighton,1070,,2021,1,921,446,http://www.redfin.com/MA/Boston/50-Leo-M-Birmingham-Pkwy-02135/unit-302/home/176485224,72897814,42.3600329,-71.1464994
Condo/Co-op,50 Leo Birmingham Pkwy #205,Boston,MA,2135,549000,0,1,Brighton,470,,2021,1,1168,234,http://www.redfin.com/MA/Boston/50-Leo-M-Birmingham-Pkwy-02135/unit-205/home/176485223,72897812,42.3600329,-71.1464994
Condo/Co-op,50 Leo Birmingham Pkwy #201,Boston,MA,2135,699000,1,1,Brighton,710,,2021,1,985,328,http://www.redfin.com/MA/Boston/50-Leo-M-Birmingham-Pkwy-02135/unit-201/home/176485148,72897811,42.3600329,-71.1464994
Condo/Co-op,50 Leo Birmingham Pkwy #304,Boston,MA,2135,755000,1,1,Brighton,730,,2021,1,1034,345,http://www.redfin.com/MA/Boston/50-Leo-M-Birmingham-Pkwy-02135/unit-304/home/176485147,72897810,42.3600329,-71.1464994
Condo/Co-op,50 Leo Birmingham Pkwy #410,Boston,MA,2135,1290000,3,2,Brighton,1235,,2021,1,1045,587,http://www.redfin.com/MA/Boston/50-Leo-M-Birmingham-Pkwy-02135/unit-410/home/176485146,72897809,42.3600329,-71.1464994
Condo/Co-op,50 Leo Birmingham Pkwy #511,Boston,MA,2135,588000,1,1,Brighton,450,,2021,1,1307,266,http://www.redfin.com/MA/Boston/50-Leo-M-Birmingham-Pkwy-02135/unit-511/home/176485145,72897808,42.3600329,-71.1464994
Condo/Co-op,50 Leo Birmingham Pkwy #303,Boston,MA,2135,739000,1,1,Brighton,715,,2021,1,1034,323,http://www.redfin.com/MA/Boston/50-Leo-M-Birmingham-Pkwy-02135/unit-303/home/176485144,72897807,42.3600329,-71.1464994
Condo/Co-op,100 Fulton St Unit 1M,Boston,MA,2109,1375000,3,2,Waterfront,2226,2226,1890,1,618,1173,http://www.redfin.com/MA/Boston/100-Fulton-St-02109/unit-1M/home/9231166,72897806,42.3627106,-71.0533286
Condo/Co-op,39 A #12,Boston,MA,2127,950000,2,2,Boston,892,,2018,1,1065,260,http://www.redfin.com/MA/Boston/39-A-St-02127/unit-12/home/144449726,72897790,42.3412608,-71.0558589
Condo/Co-op,85 E India Row Unit 14G,Boston,MA,2110,1149000,2,1.5,Waterfront,1213,,1972,1,947,1018,http://www.redfin.com/MA/Boston/85-E-India-Row-02110/unit-14G/home/9261475,72897772,42.3581217,-71.0498232
Townhouse,161 Bowen St #161,Boston,MA,2127,1375000,4,1.5,Boston,2123,,2001,1,648,95,http://www.redfin.com/MA/Boston/161-Bowen-St-02127/unit-161/home/113216658,72897770,42.3368299,-71.0523183
Condo/Co-op,26 Park Vale Ave #2,Boston,MA,2134,349900,2,1,Allston,710,,1910,1,493,403,http://www.redfin.com/MA/Boston/26-Park-Vale-Ave-02134/unit-2/home/8996395,72897768,42.3516578,-71.1333863
Condo/Co-op,69 Highland St #1,Boston,MA,2119,539900,2,2.5,Roxbury's Fort Hill,912,,1900,2,592,250,http://www.redfin.com/MA/Boston/69-Highland-St-02119/unit-1/home/9311324,72897730,42.327431,-71.0928084
Condo/Co-op,1180-1200 Washington St #202,Boston,MA,2118,1060000,1,1,South End,1066,1066,1999,2,994,483,http://www.redfin.com/MA/Boston/1180-Washington-St-02118/unit-202/home/174145224,72897721,42.3428351,-71.0667876
Condo/Co-op,120 W 7Th St #303,Boston,MA,2127,699000,2,2,South Boston,1131,1131,1910,2,618,356,http://www.redfin.com/MA/Boston/120-W-Seventh-St-02127/unit-303/home/9318444,72897707,42.3360905,-71.0529803
Condo/Co-op,45 Province St Unit U2702,Boston,MA,2108,2399000,2,2,Midtown,1636,1636,2009,2,1466,2099,http://www.redfin.com/MA/Boston/45-Province-St-02108/unit-U2702/home/170273374,72897704,42.3573275,-71.0599445
Condo/Co-op,340 W 2ND St Ph 8,Boston,MA,2127,1699999,3,3,South Boston,1676,12610,2020,2,1014,317,http://www.redfin.com/MA/Boston/340-W-2nd-St-02127/unit-8/home/176480417,72897681,42.338786,-71.0467604
Condo/Co-op,314 Shawmut Ave #4,Boston,MA,2118,949000,2,1.5,South End,760,760,1900,2,1249,318,http://www.redfin.com/MA/Boston/314-Shawmut-Ave-02118/unit-4/home/9281213,72897668,42.3420867,-71.0703674
Multi-Family (2-4 Unit),78 Walnut St,Boston,MA,2136,479000,4,3,Hyde Park,1821,6510,1906,2,263,,http://www.redfin.com/MA/Hyde-Park/78-Walnut-St-02136/home/9136389,72897649,42.2522678,-71.1227329
Condo/Co-op,306 Cummins Hwy #2,Boston,MA,2131,429000,2,1,Roslindale,993,993,1905,2,432,225,http://www.redfin.com/MA/Roslindale/306-Cummins-Hwy-02131/unit-2/home/176479750,72897633,42.2796252,-71.1176267
Condo/Co-op,346 Congress St Ph 2,Boston,MA,2210,6500000,3,5,Seaport District,4630,,2008,2,1404,4581,http://www.redfin.com/MA/Boston/346-Congress-St-02210/unit-2/home/39912725,72897624,42.3506311,-71.0484536
Townhouse,13 Harvard #3,Boston,MA,2129,1350000,3,2,Charlestown,1591,2000,1875,2,849,297,http://www.redfin.com/MA/Charlestown/13-Harvard-St-02129/unit-3/home/17464488,72897615,42.3722605,-71.0629043
Multi-Family (2-4 Unit),77 Saint Andrew Rd,Boston,MA,2128,1400000,9,3,Boston,3435,3600,1910,2,408,,http://www.redfin.com/MA/Boston/77-St-Andrew-Rd-02128/home/9110410,72897609,42.3839249,-71.0016971
Condo/Co-op,514-516 Shawmut Ave #3,Boston,MA,2118,1575000,3,2,South End,1649,,1905,2,955,272,http://www.redfin.com/MA/Boston/514-Shawmut-Ave-02118/unit-3/home/9287334,72897601,42.3376477,-71.077316
Condo/Co-op,19 Kenney St #22,Boston,MA,2130,495875,2,1,Jamaica Plain,750,,1900,2,661,150,http://www.redfin.com/MA/Jamaica-Plain/19-Kenney-St-02130/unit-22/home/176475975,72897591,42.324884,-71.1098561
Condo/Co-op,17 Sackville St #3,Boston,MA,2129,649000,2,1,Charlestown,890,,1987,2,729,347,http://www.redfin.com/MA/Charlestown/17-Sackville-St-02129/unit-3/home/9048359,72897542,42.3808195,-71.0648426
Vacant Land,24 Bradshaw,Boston,MA,2121,499999,,,Dorchester,,6267,,2,,,http://www.redfin.com/MA/Boston/24-Bradshaw-St-02121/home/109550260,72897523,42.2986231,-71.0825491
Multi-Family (5+ Unit),5-9R Trenton,Boston,MA,2128,4950000,21,12,East Boston's Eagle Hill,8417,4694,2018,2,588,,http://www.redfin.com/MA/Boston/5-Trenton-St-02128/home/171781321,72897515,42.3777925,-71.0388297
Single Family Residential,18 Shawmut St,Boston,MA,2116,1550000,4,2,South End,2200,744,1890,2,705,,http://www.redfin.com/MA/Boston/18-Shawmut-St-02116/home/176438347,72897510,42.3501646,-71.068133
Single Family Residential,10 Landseer St,Boston,MA,2132,939900,6,1.5,West Roxbury,2457,5000,1924,2,383,,http://www.redfin.com/MA/West-Roxbury/10-Landseer-St-02132/home/9211610,72897447,42.2800682,-71.153462
Condo/Co-op,505 Tremont St #904,Boston,MA,2116,5250000,3,2.5,South End,2258,2258,2003,2,2325,4024,http://www.redfin.com/MA/Boston/505-Tremont-St-02118/unit-904/home/9325632,72897419,42.3449671,-71.0705877
Multi-Family (2-4 Unit),10 Brinton St,Boston,MA,2119,1249000,9,3,Roxbury's Fort Hill,2800,2768,1900,2,446,,http://www.redfin.com/MA/Boston/10-Brinton-St-02119/home/44497416,72897417,42.3204083,-71.0923695
Condo/Co-op,77 Baxter St #3,Boston,MA,2127,859000,3,2,South Boston,1203,1203,2001,2,714,223,http://www.redfin.com/MA/Boston/77-Baxter-St-02127/unit-3/home/9309306,72897405,42.3352349,-71.0535143
Multi-Family (2-4 Unit),1435-1437 Tremont St,Boston,MA,2120,3550000,13,6,Mission Hill,7500,3769,2011,2,473,,http://www.redfin.com/MA/Boston/1435-Tremont-St-02120/home/176474652,72897391,42.3318407,-71.0965046
Condo/Co-op,567 Tremont St #28,Boston,MA,2118,999000,2,1,South End,870,870,1900,2,1148,317,http://www.redfin.com/MA/Boston/567-Tremont-St-02118/unit-28/home/138099539,72897388,42.3438088,-71.0722826
Condo/Co-op,191 Commonwealth Ave #3,Boston,MA,2116,3450000,3,3,Back Bay,2323,2323,1899,2,1485,1427,http://www.redfin.com/MA/Boston/191-Commonwealth-Ave-02116/unit-3/home/9249230,72897384,42.3518165,-71.0802793
Condo/Co-op,11 Exeter St #5,Boston,MA,2116,1975000,2,2,Back Bay,1138,,1888,2,1736,638,http://www.redfin.com/MA/Boston/11-Exeter-St-02116/unit-5/home/145274954,72897382,42.352353,-71.081185
Condo/Co-op,100 Shawmut Ave #201,Boston,MA,2118,1070400,1,1,South End,948,,2021,2,1129,890,http://www.redfin.com/MA/Boston/100-Shawmut-Ave-02118/unit-201/home/176474362,72897344,42.3466841,-71.0656551
Condo/Co-op,21 Cumberland St #1,Boston,MA,2115,979000,1,1,Back Bay,1054,,1900,2,929,297,http://www.redfin.com/MA/Boston/21-Cumberland-St-02115/unit-1/home/9255120,72897332,42.343365,-71.081811
Condo/Co-op,175 Wordsworth #1,Boston,MA,2128,750000,3,3,Boston,1508,,1910,2,497,350,http://www.redfin.com/MA/Boston/175-Wordsworth-St-02128/unit-1/home/176471935,72897316,42.3819985,-71.0140484
Condo/Co-op,91-93 Rossmore Rd #3,Boston,MA,2130,575000,2,1,Jamaica Plain,1082,1082,1920,2,531,200,http://www.redfin.com/MA/Boston/91-Rossmore-Rd-02130/unit-3/home/45407082,72897314,42.3032539,-71.1054048
Condo/Co-op,757 Dorchester Ave #2,Boston,MA,2125,630127,2,2,Boston,930,930,1905,2,678,238,http://www.redfin.com/MA/Dorchester/757-Dorchester-Ave-02125/unit-2/home/12431012,72897219,42.3245487,-71.0570428
Condo/Co-op,37 Horace St #201,Boston,MA,2128,649900,2,2,East Boston,1270,,2021,3,512,275,http://www.redfin.com/MA/Boston/37-Horace-St-02128/unit-201/home/176471004,72897305,42.3815882,-71.0183666
Single Family Residential,428 Gallivan Blvd,Boston,MA,2124,614900,4,2,Boston,1476,3143,1925,3,417,,http://www.redfin.com/MA/Boston/428-Gallivan-Blvd-02124/home/9102457,72897299,42.2821487,-71.0591785
Condo/Co-op,45 Ashford #20,Boston,MA,2134,350000,2,1,Allston,540,,1942,3,648,503,http://www.redfin.com/MA/Boston/45-Ashford-St-02134/unit-20/home/8991844,72897294,42.3543392,-71.1268875
Multi-Family (2-4 Unit),26 Irving St,Boston,MA,2114,2900000,9,4,Beacon Hill,2820,1000,1899,3,1028,,http://www.redfin.com/MA/Boston/26-Irving-St-02114/unit-26A/home/9244944,72897285,42.36047,-71.0662818
Multi-Family (2-4 Unit),55-57 Chaucer St,Boston,MA,2128,1025000,3,3,East Boston,3742,4060,1910,3,274,,http://www.redfin.com/MA/Boston/55-Chaucer-St-02128/home/9121412,72897242,42.3835068,-71.0194079
Condo/Co-op,65 Burbank St #14,Boston,MA,2115,499000,1,1,The Fenway,459,459,1900,3,1087,419,http://www.redfin.com/MA/Boston/65-Burbank-St-02115/unit-14/home/9266851,72897207,42.3446021,-71.088967
Condo/Co-op,40 Traveler St #507,Boston,MA,2118,960000,1,1,Boston,741,,2018,4,1296,571,http://www.redfin.com/MA/Boston/40-Traveler-St-02118/unit-507/home/95964668,72897169,42.3443407,-71.0624468
Condo/Co-op,188 Brookline Ave Unit 21H,Boston,MA,2215,1366000,1,1,The Fenway,815,,2018,4,1676,895,http://www.redfin.com/MA/Boston/188-Brookline-Ave-02215/unit-21H/home/171787686,72897161,42.3439618,-71.1018099
Multi-Family (2-4 Unit),42-44 Dorset St,Boston,MA,2125,1125000,7,2,Dorchester,2804,,1895,4,401,,http://www.redfin.com/MA/Boston/42-Dorset-St-02125/home/9099758,72897143,42.3237383,-71.0588769
Condo/Co-op,47-51 Dorchester St #17,Boston,MA,2127,549000,1,1,South Boston,605,605,1920,4,907,223,http://www.redfin.com/MA/Boston/47-Dorchester-St-02127/unit-17/home/9315470,72897106,42.3364263,-71.0446247
Townhouse,47 Ellington St #47,Boston,MA,2121,490000,3,1.5,Dorchester,936,1404,2001,4,524,,http://www.redfin.com/MA/Boston/47-Ellington-St-02121/unit-47/home/137962851,72897084,42.3015467,-71.0835523
Condo/Co-op,27 Bowdoin St Unit 4A,Boston,MA,2114,550000,1,1,Beacon Hill,542,542,1890,5,1015,535,http://www.redfin.com/MA/Boston/27-Bowdoin-St-02114/unit-4A/home/9276091,72897043,42.3605538,-71.0630784
Condo/Co-op,340 W 2ND St Unit South 12,Boston,MA,2127,1250000,3,2,South Boston,1348,12610,2020,5,927,253,http://www.redfin.com/MA/Boston/340-W-2nd-St-02127/unit-South-12/home/176445506,72897038,42.338786,-71.0467604
Condo/Co-op,640 Adams St #2,Boston,MA,2122,689000,2,2,Dorchester's Ashmont,1057,3999,1905,5,652,175,http://www.redfin.com/MA/Dorchester/640-Adams-St-02122/unit-2/home/176444239,72897031,42.2880347,-71.0549071
Townhouse,10 Holbrook St #10,Boston,MA,2130,825000,3,1.5,Jamaica Plain,1736,1709,1900,5,475,,http://www.redfin.com/MA/Jamaica-Plain/10-Holbrook-St-02130/unit-10/home/176444235,72897030,42.3094435,-71.1170232
Condo/Co-op,300 Pier 4 Blvd Unit 8E,Boston,MA,2110,3195000,2,2,Seaport District,1406,,2019,5,2272,2550,http://www.redfin.com/MA/Boston/300-4-Blvd-02210/unit-8E/home/175645168,72896992,42.3525898,-71.0423249
Condo/Co-op,217 M St #3,Boston,MA,2127,775000,2,2,South Boston,1026,,1903,5,755,231,http://www.redfin.com/MA/Boston/217-M-St-02127/unit-3/home/176440654,72896972,42.3308531,-71.0333175
Condo/Co-op,217 M St #2,Boston,MA,2127,749999,2,2,South Boston,1010,,1903,5,743,223,http://www.redfin.com/MA/Boston/217-M-St-02127/unit-2/home/176440532,72896971,42.3308531,-71.0333175
Condo/Co-op,217 M St #1,Boston,MA,2127,979999,2,2.5,South Boston,1701,,1903,5,576,371,http://www.redfin.com/MA/Boston/217-M-St-02127/unit-1/home/176440531,72896970,42.3308531,-71.0333175
Condo/Co-op,205 Maverick St #210,Boston,MA,2128,689900,2,1,East Boston's Jeffries Point,967,,2021,5,713,345,http://www.redfin.com/MA/Boston/205-Maverick-St-02128/unit-210/home/176440158,72896952,42.3687176,-71.0362658
Condo/Co-op,6 Whittier Pl Unit 17- O,Boston,MA,2114,520000,1,1,West End,832,,1964,5,625,858,http://www.redfin.com/MA/Boston/6-Whittier-Pl-02114/unit-17O/home/9228574,72896935,42.3656109,-71.0672776
Condo/Co-op,420 W Broadway Unit 509,Boston,MA,2127,849900,1,1,South Boston,799,,2020,5,1064,339,http://www.redfin.com/MA/Boston/420-W-Broadway-02127/unit-509/home/174419058,72896897,42.336863,-71.047101
Condo/Co-op,191 Washington St #303,Boston,MA,2135,519900,1,1,Brighton,498,,2022,5,1044,350,http://www.redfin.com/MA/Boston/191-Washington-St-02135/unit-303/home/176438213,72896896,42.346819,-71.1473198
Condo/Co-op,191 Washington St #315,Boston,MA,2135,529900,1,1,Brighton,498,,2022,5,1064,350,http://www.redfin.com/MA/Boston/191-Washington-St-02135/unit-315/home/176438210,72896895,42.346819,-71.1473198
Condo/Co-op,180 Walnut St #2,Boston,MA,2122,525000,3,1,Dorchester,1123,1123,1875,5,467,247,http://www.redfin.com/MA/Dorchester/180-Walnut-St-02122/unit-2/home/21621796,72896878,42.2908937,-71.0399454
Townhouse,98 Pleasant St #1,Boston,MA,2125,550000,2,1,Dorchester,1078,1078,1890,5,510,314,http://www.redfin.com/MA/Dorchester/98-Pleasant-St-02125/unit-1/home/9330652,72896836,42.3122948,-71.058749
Condo/Co-op,42 W Newton St Unit B2,Boston,MA,2118,839000,2,1,South End,948,948,1910,5,885,374,http://www.redfin.com/MA/Boston/42-W-Newton-St-02118/unit-B2/home/9286371,72896785,42.3392684,-71.0743166
Single Family Residential,95 Bolton St,Boston,MA,2127,819900,2,1.5,South Boston,1100,855,1990,5,745,,http://www.redfin.com/MA/Boston/95-Bolton-St-02127/home/9185161,72896775,42.340993,-71.05155
Condo/Co-op,205 Maverick St #309,Boston,MA,2128,699900,1,1,East Boston's Jeffries Point,874,,2021,5,801,370,http://www.redfin.com/MA/Boston/205-Maverick-St-02128/unit-309/home/176433413,72896725,42.3687176,-71.0362658
Condo/Co-op,16 Henchman St Unit 3R,Boston,MA,2113,320000,0,1,North End,315,,1900,5,1016,110,http://www.redfin.com/MA/Boston/16-Henchman-St-02113/unit-3R/home/176433395,72896724,42.3672433,-71.0537928
Condo/Co-op,205 Maverick St #508,Boston,MA,2128,649900,1,1,East Boston's Jeffries Point,696,,2022,5,934,329,http://www.redfin.com/MA/Boston/205-Maverick-St-02128/unit-508/home/176433376,72896714,42.3687176,-71.0362658
Condo/Co-op,205 Maverick St #205,Boston,MA,2128,499900,0,1,East Boston's Jeffries Point,568,,2022,5,880,222,http://www.redfin.com/MA/Boston/205-Maverick-St-02128/unit-205/home/175106246,72896713,42.3687176,-71.0362658
Condo/Co-op,205 Maverick St #503,Boston,MA,2128,539900,1,1,East Boston's Jeffries Point,567,,2022,5,952,263,http://www.redfin.com/MA/Boston/205-Maverick-St-02128/unit-503/home/176433331,72896712,42.3687176,-71.0362658
Condo/Co-op,300 Allston St #510,Boston,MA,2135,600000,1,1,Brighton,798,798,2002,5,752,460,http://www.redfin.com/MA/Brighton/300-Allston-St-02135/unit-510/home/9320846,72896709,42.3439591,-71.1403026
Condo/Co-op,42 8th St #2518,Boston,MA,2129,889000,2,2,Charlestown's Navy Yard,1092,,1899,5,814,830,http://www.redfin.com/MA/Charlestown/42-8th-St-02129/unit-2518/home/11837710,72896699,42.3750453,-71.0526553
Single Family Residential,14 Keith St,Boston,MA,2132,599000,1,1,Boston,1061,5000,1956,5,565,,http://www.redfin.com/MA/West-Roxbury/14-Keith-St-02132/home/9210612,72896661,42.2881288,-71.1669342
Condo/Co-op,60 Newbury #13,Quincy,MA,2171,1069000,2,2,North Quincy,1397,,2021,5,765,541,http://www.redfin.com/MA/Quincy/60-Newbury-St-02171/unit-13/home/176431284,72896655,42.28025,-71.0389355
Single Family Residential,100 Sanborn,Boston,MA,2132,599000,3,1.5,West Roxbury,1350,5500,1930,5,444,,http://www.redfin.com/MA/West-Roxbury/100-Sanborn-Ave-02132/home/9213256,72896631,42.2829987,-71.1674332
Condo/Co-op,5 Thomas Park #3,Boston,MA,2127,619000,2,1,Boston,767,767,1905,6,807,200,http://www.redfin.com/MA/Boston/5-Thomas-Park-02127/unit-3/home/11734774,72896622,42.3335997,-71.0445999
Condo/Co-op,131-133 Sydney St #3,Boston,MA,2125,545900,2,1,Boston,1079,,1915,6,506,225,http://www.redfin.com/MA/Boston/131-Sydney-St-02125/unit-3/home/18995531,72896613,42.3159861,-71.0523672
Condo/Co-op,38 Neponset #1,Boston,MA,2122,519000,2,1,Dorchester's Neponset,1050,,1910,6,494,200,http://www.redfin.com/MA/Dorchester/38-Neponset-Ave-02122/unit-1/home/167702707,72896587,42.2964784,-71.0549535
Condo/Co-op,20 Radcliffe Rd #108,Boston,MA,2134,365000,1,1,Allston,418,418,1945,6,873,225,http://www.redfin.com/MA/Boston/20-Radcliffe-Rd-02134/unit-108/home/8985078,72896585,42.3510352,-71.1349645
Single Family Residential,94 Baldwin St,Boston,MA,2129,1799000,4,2.5,Charlestown,3153,1804,1870,6,571,,http://www.redfin.com/MA/Boston/94-Baldwin-St-02129/unit-1/home/9054856,72896581,42.3830759,-71.0696445
Townhouse,121 Nonantum St Unit B,Boston,MA,2135,979000,3,2.5,Brighton,2208,,2002,6,443,103,http://www.redfin.com/MA/Brighton/121-Nonantum-St-02135/unit-B/home/9314291,72896580,42.350255,-71.1730958
Condo/Co-op,4 Oleary Way #75,Boston,MA,2130,439900,2,1,Boston,726,726,1946,6,606,398,http://www.redfin.com/MA/Boston/4-O-Leary-Way-02130/unit-75/home/9140484,72896575,42.3005767,-71.1091376
Single Family Residential,33 Orchardhill Rd,Boston,MA,2130,499000,3,1,Boston,864,3670,1960,6,578,,http://www.redfin.com/MA/Boston/33-Orchardhill-Rd-02130/home/9151328,72896574,42.3000774,-71.1117776
Condo/Co-op,115 Dakota #2,Boston,MA,2124,515000,3,2,Boston,1104,,1885,6,466,9999999,http://www.redfin.com/MA/Boston/115-Dakota-St-02124/unit-2/home/172522421,72896551,42.2998317,-71.0675702
Townhouse,56 Williams Ave Unit B,Boston,MA,2136,749000,3,2.5,Hyde Park's Fairmount,2500,,2021,6,300,150,http://www.redfin.com/MA/Hyde-Park/56-Williams-Ave-02136/unit-B/home/176409727,72896495,42.249435,-71.1176731
Condo/Co-op,988 Memorial Dr #582,Cambridge,MA,2138,680000,1,1,Cambridge,635,,1900,6,1071,394,http://www.redfin.com/MA/Cambridge/988-Memorial-Dr-02138/unit-582/home/11575286,72896476,42.3730207,-71.1257769
Condo/Co-op,11 Iroquois St #1,Boston,MA,2120,749000,2,2,Mission Hill,995,,2008,6,753,300,http://www.redfin.com/MA/Boston/11-Iroquois-St-02120/unit-1/home/9323059,72896464,42.3300521,-71.1033031
Multi-Family (2-4 Unit),113 Fuller St,Boston,MA,2124,1200000,9,3,Dorchester's Ashmont,3396,3412,1910,6,353,,http://www.redfin.com/MA/Boston/113-Fuller-St-02124/home/9095647,72896448,42.2822532,-71.0711102
Condo/Co-op,700 Harrison Ave #501,Boston,MA,2118,875000,2,2,South End,1084,1084,2006,6,807,613,http://www.redfin.com/MA/Boston/700-Harrison-Ave-02118/unit-501/home/21717656,72896445,42.3384041,-71.070437
Condo/Co-op,355 Congress #502,Boston,MA,2210,969000,1,1,Seaport District,838,9999,1890,6,1156,199,http://www.redfin.com/MA/Boston/355-Congress-St-02210/unit-502/home/169774231,72896430,42.3502215,-71.0482635
Townhouse,37 E Springfield St #2,Boston,MA,2118,665000,1,1,South End,680,680,1899,6,978,265,http://www.redfin.com/MA/Boston/37-E-Springfield-St-02118/unit-2/home/11837194,72896411,42.335954,-71.075335
Condo/Co-op,2400 Beacon #309,Boston,MA,2467,1750000,2,2.5,Brighton's Chestnut Hill,1506,326700,2006,6,1162,1275,http://www.redfin.com/MA/Chestnut-Hill/2400-Beacon-St-02467/unit-309/home/12439915,72896360,42.3336022,-71.1530121
Single Family Residential,10 Rosecliff St,Boston,MA,2131,799000,5,2,Roslindale,2124,6050,1905,6,376,,http://www.redfin.com/MA/Roslindale/10-Rosecliff-St-02131/home/9175977,72896344,42.282082,-71.1320633
Townhouse,36 Edgerly Rd Unit A,Boston,MA,2115,995000,2,1.5,Back Bay,1201,,1998,6,828,275,http://www.redfin.com/MA/Boston/36-Edgerly-Rd-02115/unit-A/home/9234197,72896311,42.3454418,-71.0875796
Condo/Co-op,134 Beach St #7,Boston,MA,2111,1749000,3,3,Leather District,2297,,1890,6,761,1205,http://www.redfin.com/MA/Boston/134-Beach-St-02111/unit-7/home/9280366,72896308,42.3507,-71.0571378
Multi-Family (2-4 Unit),25 Magnolia St,Boston,MA,2125,999000,12,3,Dorchester,4044,2567,1920,6,247,,http://www.redfin.com/MA/Boston/25-Magnolia-St-02125/home/9073496,72896286,42.3180587,-71.0703674
Condo/Co-op,135 Seaport Blvd #1708,Boston,MA,2210,1049000,1,1,Seaport District,664,,2020,6,1580,962,http://www.redfin.com/MA/Boston/135-Seaport-Blvd-02210/unit-1708/home/173087546,72896275,42.3509604,-71.0439013
Condo/Co-op,393 Commonwealth Ave #1,Boston,MA,2115,3990000,3,2.5,Back Bay,2670,,1899,6,1494,1412,http://www.redfin.com/MA/Boston/393-Commonwealth-Ave-02115/unit-1/home/11838643,72896240,42.34952,-71.090226
Condo/Co-op,15 Gloucester Unit 15-3,Boston,MA,2115,749000,1,1.5,Back Bay,784,,1870,6,955,439,http://www.redfin.com/MA/Boston/15-Gloucester-St-02115/unit-15-3/home/176404322,72896230,42.3508821,-71.0848325
Condo/Co-op,550 Centre St #3,Boston,MA,2130,458000,2,1,Boston,784,784,1900,6,584,428,http://www.redfin.com/MA/Jamaica-Plain/550-Centre-St-02130/unit-3/home/9144069,72896182,42.3166735,-71.1133327
Condo/Co-op,528 E 7th St #1,Boston,MA,2127,629000,1,1.5,South Boston,1000,,1900,6,629,180,http://www.redfin.com/MA/Boston/528-E-7th-St-02127/unit-1/home/12384476,72896175,42.3323375,-71.0393151
Multi-Family (2-4 Unit),45 M St,Boston,MA,2127,2225000,7,4,South Boston,3207,2744,1880,6,694,,http://www.redfin.com/MA/Boston/45-M-St-02127/home/9197907,72896167,42.3366666,-71.033494
Single Family Residential,69 Hemman,Boston,MA,2131,589900,3,1.5,Roslindale,1305,5824,1946,6,452,,http://www.redfin.com/MA/Roslindale/69-Hemman-St-02131/home/9178082,72896171,42.2769191,-71.1303458
Condo/Co-op,47 Harvard St Unit A311,Boston,MA,2129,599000,1,1,Charlestown,637,,1986,6,940,303,http://www.redfin.com/MA/Boston/47-Harvard-St-02129/unit-A311/home/9052830,72896154,42.3730747,-71.0631093
Condo/Co-op,100 TYNDALE #1,Boston,MA,2131,379000,2,1,Roslindale,876,5294,1925,6,433,,http://www.redfin.com/MA/Roslindale/100-Tyndale-St-02131/unit-1/home/21718204,72896122,42.2869171,-71.141641
Condo/Co-op,67 Weld Hill St #2,Boston,MA,2130,575000,2,1,Jamaica Plain,1109,1306,1910,6,518,175,http://www.redfin.com/MA/Boston/67-Weld-Hill-St-02130/unit-2/home/9139925,72896121,42.2972528,-71.1117776
Condo/Co-op,13 Albemarle St #1,Boston,MA,2115,1395000,3,3,Back Bay,1380,1380,1900,6,1011,492,http://www.redfin.com/MA/Boston/13-Albemarle-St-02115/unit-1/home/9254994,72896119,42.3422115,-71.082969
Condo/Co-op,416 Marlborough #102,Boston,MA,2115,799000,2,1,Back Bay,873,,1890,6,915,497,http://www.redfin.com/MA/Boston/416-Marlborough-St-02116/unit-102/home/9238878,72896104,42.3498717,-71.0886822
Condo/Co-op,99 Sumner Unit U: 421,Boston,MA,2128,1499900,2,2,East Boston,1197,,2021,6,1253,1106,http://www.redfin.com/MA/Boston/99-Sumner-St-02128/unit-U-421/home/176402352,72896100,42.3699046,-71.0422875
Condo/Co-op,3 S Whitney #4,Boston,MA,2120,869000,2,2,Mission Hill,950,,2021,6,915,315,http://www.redfin.com/MA/Boston/3-S-Whitney-St-02120/unit-4/home/176402118,72896096,42.3328836,-71.1022849
Condo/Co-op,16 Melrose St #1,Boston,MA,2116,980000,2,1.5,South End,1207,,1899,6,812,300,http://www.redfin.com/MA/Boston/16-Melrose-St-02116/unit-1/home/21718049,72896091,42.3493976,-71.0676863
Condo/Co-op,9 W Broadway #412,Boston,MA,2127,1295000,2,2,South Boston,1442,,1906,6,898,917,http://www.redfin.com/MA/Boston/9-W-Broadway-02127/unit-412/home/9319336,72896074,42.3425301,-71.0578553
Townhouse,196 Chestnut Ave Unit A,Boston,MA,2130,1125000,3,2.5,Jamaica Plain,1463,1663,1988,6,769,509,http://www.redfin.com/MA/Jamaica-Plain/196-Chestnut-Ave-02130/unit-A/home/9138900,72896059,42.3159312,-71.1069033
Townhouse,25 Harrison St Unit B,Boston,MA,2131,405000,3,1.5,Roslindale,1729,1729,1989,6,234,356,http://www.redfin.com/MA/Boston/25-Harrison-St-02131/unit-B/home/9166492,72896045,42.288107,-71.1206568
Condo/Co-op,3 S Whitney #1,Boston,MA,2120,1290000,2,2.5,Mission Hill,1650,,2021,6,782,535,http://www.redfin.com/MA/Boston/3-S-Whitney-St-02120/unit-1/home/176401574,72896030,42.3328836,-71.1022849
Condo/Co-op,11-C Waltham St #1,Boston,MA,2118,875000,1,2,South End,917,,1900,6,954,471,http://www.redfin.com/MA/Boston/11C-Waltham-St-02118/unit-1/home/12308070,72896024,42.341264,-71.0681413
Condo/Co-op,85 E India Row Unit 34E,Boston,MA,2110,839000,1,1,Waterfront,861,,1972,6,974,926,http://www.redfin.com/MA/Boston/85-E-India-Row-02110/unit-34E/home/9261833,72896021,42.3581217,-71.0498232
Single Family Residential,2504 Centre,Boston,MA,2132,975000,4,2.5,West Roxbury,2952,7000,2011,6,330,,http://www.redfin.com/MA/Boston/2504-Centre-St-02132/home/9222286,72896008,42.2649602,-71.162606
Condo/Co-op,20 Upton St #3,Boston,MA,2118,2075000,3,2.5,South End,1865,1865,1899,6,1113,265,http://www.redfin.com/MA/Boston/20-Upton-St-02118/unit-3/home/9322687,72895965,42.3421022,-71.0721432
Condo/Co-op,59 Warren Ave #1,Boston,MA,2116,1350000,2,2,South End,1221,1221,1899,6,1106,455,http://www.redfin.com/MA/Boston/59-Warren-Ave-02116/unit-1/home/9262500,72895964,42.3450933,-71.0722571
Condo/Co-op,105 Prince St #1,Boston,MA,2113,549999,2,1,North End,600,,1900,6,917,230,http://www.redfin.com/MA/Boston/105-Prince-St-02113/unit-1/home/9273321,72895954,42.3659698,-71.0565992
Condo/Co-op,220 Boylston Unit 9001/9003,Boston,MA,2116,8995000,3,3.5,Boston,2926,2926,1985,6,3074,7598,http://www.redfin.com/MA/Boston/220-Boylston-St-02116/unit-9001/home/9263371,72895953,42.3521192,-71.0688757
Single Family Residential,31 Martinwood Rd,Boston,MA,2130,1495000,4,2,Forest Hills,2150,5165,2013,6,695,,http://www.redfin.com/MA/Boston/31-Martinwood-Rd-02130/home/9151529,72895958,42.2999634,-71.1159091
Condo/Co-op,28 Brentwood St #4,Boston,MA,2134,376000,2,1,Boston,790,790,1965,6,476,280,http://www.redfin.com/MA/Boston/28-Brentwood-St-02134/unit-4/home/8993288,72895930,42.3608621,-71.1350585
Multi-Family (2-4 Unit),188 Woodrow Ave,Boston,MA,2124,650000,7,3,Boston,2072,4000,1900,6,314,,http://www.redfin.com/MA/Boston/188-Woodrow-Ave-02124/home/9100527,72895897,42.286223,-71.0874055
Multi-Family (5+ Unit),107-109 Erie St,Boston,MA,2121,2499999,10,6,Dorchester,5222,2848,1920,6,479,,http://www.redfin.com/MA/Boston/107-Erie-St-02121/home/9083149,72895878,42.3016115,-71.0827178
Condo/Co-op,485 Ashmont St #1,Boston,MA,2122,725000,2,2.5,Dorchester's Ashmont,1469,,2021,6,494,250,http://www.redfin.com/MA/Dorchester/485-Ashmont-St-02122/unit-1/home/176155251,72895858,42.2885534,-71.053375
Condo/Co-op,2 Avery St Unit 23C,Boston,MA,2111,3685000,3,3.5,Boston,2707,2707,2000,7,1361,3995,http://www.redfin.com/MA/Boston/2-Avery-St-02111/unit-23C/home/9312895,72895844,42.3528703,-71.0629976
Condo/Co-op,17 Van Winkle St #1,Boston,MA,2124,549000,3,1,Dorchester's Ashmont,995,,1905,7,552,175,http://www.redfin.com/MA/Boston/17-Van-Winkle-St-02124/unit-1/home/176392191,72895832,42.2821794,-71.0641462
Condo/Co-op,11 Walley St #305,Boston,MA,2128,749000,3,2,East Boston,1131,,2020,7,662,511,http://www.redfin.com/MA/Boston/11-Walley-St-02128/unit-305/home/176390367,72895814,42.3897025,-70.9986434
Multi-Family (2-4 Unit),77 Copeland St,Boston,MA,2119,850000,6,2,Boston,2281,2921,1900,7,373,,http://www.redfin.com/MA/Boston/77-Copeland-St-02119/home/145254862,72895809,42.3233609,-71.0789615
Single Family Residential,1 Copeland Pl,Boston,MA,2119,799900,5,3,Boston,2054,3396,1900,7,389,,http://www.redfin.com/MA/Boston/1-Copeland-Pl-02119/home/9291506,72895811,42.3232713,-71.0789393
Condo/Co-op,375 Pond #1,Brookline,MA,2445,874900,3,1.5,Brookline,1189,,1898,7,736,365,http://www.redfin.com/MA/Brookline/375-Pond-Ave-02445/unit-1/home/11479969,72895801,42.3233864,-71.1194835
Condo/Co-op,1971-1977 Dorchester Ave #5013,Boston,MA,2124,515000,2,1,Dorchester's Ashmont,831,,2015,7,620,429,http://www.redfin.com/MA/Boston/1971-Dorchester-Ave-02124/unit-5013/home/145362051,72895798,42.2832571,-71.0652258
Condo/Co-op,114 W Concord St #1,Boston,MA,2118,2200000,3,3,South End,2602,2602,1900,7,846,628,http://www.redfin.com/MA/Boston/114-W-Concord-St-02118/unit-1/home/9316952,72895781,42.3391666,-71.0766737
Condo/Co-op,141 W Concord St #1,Boston,MA,2118,1380000,2,2,South End,1156,1140,1875,7,1194,304,http://www.redfin.com/MA/Boston/141-W-Concord-St-02118/unit-1/home/9311163,72895762,42.3398851,-71.0770321
Condo/Co-op,402 Marlborough St Unit 1A,Boston,MA,2115,1149000,1,2,Back Bay,1152,1152,1899,7,997,343,http://www.redfin.com/MA/Boston/402-Marlborough-St-02115/unit-1A/home/176388629,72895754,42.3500919,-71.0882957
Condo/Co-op,40 Baxter St #8,Boston,MA,2127,699000,2,2,South Boston,930,930,2000,7,752,200,http://www.redfin.com/MA/Boston/40-Baxter-St-02127/unit-8/home/9309245,72895737,42.3361813,-71.0544893
Multi-Family (2-4 Unit),23 Alpine St,Boston,MA,2119,1299000,6,7,Roxbury's Fort Hill,3675,7320,1905,7,353,,http://www.redfin.com/MA/Boston/23-Alpine-St-02119/home/11837243,72895725,42.3260342,-71.0868484
Condo/Co-op,1 Boylston Pl #2,Boston,MA,2130,499999,2,1,Jamaica Plain,894,,1905,7,559,186,http://www.redfin.com/MA/Jamaica-Plain/1-Boylston-Pl-02130/unit-2/home/176387643,72895726,42.3161007,-71.1024467
Condo/Co-op,1 Boylston Pl #1,Boston,MA,2130,499999,2,1,Jamaica Plain,911,,1905,7,549,186,http://www.redfin.com/MA/Jamaica-Plain/1-Boylston-Pl-02130/unit-1/home/176387641,72895722,42.3161007,-71.1024467
Condo/Co-op,605 Massachusetts Ave #9,Boston,MA,2118,430000,1,1,South End,415,,1900,7,1036,293,http://www.redfin.com/MA/Boston/605-Massachusetts-Ave-02118/unit-9/home/9287418,72895705,42.3370978,-71.0781205
Condo/Co-op,243 Condor St #5,Boston,MA,2128,889500,2,2,East Boston,1397,,2020,7,637,287,http://www.redfin.com/MA/Boston/243-Condor-St-02128/unit-5/home/172279471,72895693,42.3824362,-71.0315531
Condo/Co-op,165 Tremont St #501,Boston,MA,2111,2499000,3,2.5,Theatre District,2053,2053,2003,7,1217,1725,http://www.redfin.com/MA/Boston/165-Tremont-St-02111/unit-501/home/9329301,72895680,42.3539386,-71.0636819
Condo/Co-op,111 Hutchings St #1,Boston,MA,2121,609900,2,2.5,Roxbury's Franklin Park,1182,,1906,7,516,225,http://www.redfin.com/MA/Boston/111-Hutchings-St-02121/unit-1/home/176386371,72895679,42.311778,-71.0919086
Condo/Co-op,251 Minot St #4,Boston,MA,2124,829000,2,2,Dorchester,1303,,2021,7,636,250,http://www.redfin.com/MA/Boston/251-Minot-St-02124/unit-4/home/175989149,72895678,42.2837345,-71.0580178
Condo/Co-op,65 E India Row Unit 32-G,Boston,MA,2110,975000,1,1.5,Waterfront,1206,,1972,7,808,1337,http://www.redfin.com/MA/Boston/65-E-India-Row-02110/unit-32G/home/9261085,72895662,42.3576699,-71.0504859
Condo/Co-op,85 E India Row Unit 31H,Boston,MA,2110,900000,1,1,Waterfront,882,882,1972,7,1020,1026,http://www.redfin.com/MA/Boston/85-E-India-Row-02110/unit-31H/home/9261787,72895661,42.3581217,-71.0498232
Condo/Co-op,115 Cottage St #3,Boston,MA,2128,679000,2,2,East Boston's Jeffries Point,810,,1930,7,838,235,http://www.redfin.com/MA/Boston/115-Cottage-St-02128/unit-3/home/169043097,72895653,42.3685231,-71.0343428
Condo/Co-op,14-1/2 Mount Vernon St #3,Boston,MA,2129,995000,2,2,Charlestown,1108,,1875,7,898,287,http://www.redfin.com/MA/Boston/14-1-2-Mt-Vernon-St-02129/unit-3/home/9314995,72895651,42.3756397,-71.058719
Condo/Co-op,197 Eighth St #722,Boston,MA,2129,999000,2,2,Charlestown's Navy Yard,1135,,1989,7,880,725,http://www.redfin.com/MA/Boston/197-8th-St-02129/unit-722/home/9050355,72895649,42.3734076,-71.0521911
Condo/Co-op,6 Hatch St #2,Boston,MA,2127,849000,2,2,South Boston,1097,,2017,7,774,193,http://www.redfin.com/MA/Boston/6-Hatch-St-02127/unit-2/home/109319226,72895628,42.3311617,-71.0358161
Single Family Residential,4 Linden St,Boston,MA,2127,1674000,4,2.5,South Boston,2043,2613,1890,7,819,,http://www.redfin.com/MA/Boston/4-Linden-St-02127/home/9191536,72895610,42.3343925,-71.0451107
Condo/Co-op,164 Beacon St #3,Boston,MA,2116,749000,1,1,Back Bay,791,791,1850,7,947,442,http://www.redfin.com/MA/Boston/164-Beacon-St-02116/unit-3/home/9251786,72895605,42.3547533,-71.0761816
Condo/Co-op,421 Main St #3,Boston,MA,2129,725000,2,1.5,Charlestown,900,,1899,7,806,130,http://www.redfin.com/MA/Boston/421-Main-St-02129/unit-3/home/9318605,72895601,42.3810999,-71.0704122
Condo/Co-op,232 Summit Ave Unit A1,Brookline,MA,2446,965000,2,2,Brookline,1102,,1900,7,876,507,http://www.redfin.com/MA/Brookline/232-Summit-Ave-02446/unit-A1/home/11453242,72895585,42.3430281,-71.1363571
Single Family Residential,23 Gray St,Boston,MA,2116,2499000,4,2.5,South End,2016,713,1890,7,1240,,http://www.redfin.com/MA/Boston/23-Gray-St-02116/home/9262607,72895578,42.345724,-71.0712843
Condo/Co-op,10 Holyoke St #1,Boston,MA,2116,2749000,3,2.5,South End,2725,,1900,7,1009,500,http://www.redfin.com/MA/Boston/10-Holyoke-St-02116/unit-1/home/9314704,72895552,42.3444686,-71.0777955
Condo/Co-op,45 W 3rd St #402,Boston,MA,2127,1235000,2,2,South Boston,1125,,2018,7,1098,634,http://www.redfin.com/MA/South-Boston/45-W-3rd-St-02127/unit-402/home/145125932,72895550,42.3421319,-71.0542886
Condo/Co-op,510 Columbus Ave #2,Boston,MA,2118,1149000,2,1,South End,980,,1899,7,1172,215,http://www.redfin.com/MA/Boston/510-Columbus-Ave-02118/unit-2/home/9284204,72895545,42.3421123,-71.079466
Condo/Co-op,53 Mount Ida Rd #2,Boston,MA,2122,379000,1,1,Dorchester,781,,1905,7,485,130,http://www.redfin.com/MA/Dorchester/53-Mt-Ida-Rd-02122/unit-2/home/9063701,72895523,42.3051956,-71.0646569
Condo/Co-op,16 Boardman #305,Boston,MA,2128,624000,2,2,East Boston's Orient Heights,980,,2019,7,637,294,http://www.redfin.com/MA/Boston/16-Boardman-St-02128/unit-305/home/146043754,72895521,42.3874289,-71.0089407
Condo/Co-op,987 Memorial Dr #172,Cambridge,MA,2138,2499000,3,2,Harvard Square,2050,,1900,7,1219,1294,http://www.redfin.com/MA/Cambridge/987-Memorial-Dr-02138/unit-172/home/11575153,72895498,42.3729437,-71.1257596
Condo/Co-op,111 Perkins St #025,Boston,MA,2130,399000,2,1,Jamaica Plain,1068,,1963,7,374,1318,http://www.redfin.com/MA/Jamaica-Plain/111-Perkins-St-02130/unit-25/home/35624553,72895497,42.3222155,-71.1159742
Condo/Co-op,15 Saint George St #4,Boston,MA,2118,699000,2,1,South End,625,,1899,7,1118,260,http://www.redfin.com/MA/Boston/15-St-George-St-02118/unit-4/home/11736644,72895493,42.3381331,-71.0723697
Condo/Co-op,472 E 8Th St #2,Boston,MA,2127,724000,2,2,South Boston,1073,,1945,7,675,155,http://www.redfin.com/MA/Boston/472-E-8th-St-02127/unit-2/home/11737365,72895485,42.3314537,-71.0421568
Condo/Co-op,81 Homes #2,Boston,MA,2122,579900,3,2,Boston,1094,,1900,7,530,175,http://www.redfin.com/MA/Dorchester/81-Homes-Ave-02122/unit-2/home/11838216,72895470,42.3030357,-71.0676746
Single Family Residential,47 Bynner St,Boston,MA,2130,1149000,3,1.5,Jamaica Plain,2216,4352,1814,7,519,,http://www.redfin.com/MA/Jamaica-Plain/47-Bynner-St-02130/home/9140923,72895479,42.3236876,-71.1104546
Multi-Family (2-4 Unit),516 Sumner St,Boston,MA,2128,939000,6,3,Boston,2771,2500,1900,7,339,,http://www.redfin.com/MA/Boston/516-Sumner-St-02128/home/9111274,72895461,42.3649259,-71.030071
Condo/Co-op,895 E 4Th St #1,Boston,MA,2127,919000,2,2,South Boston,1200,,1914,7,766,200,http://www.redfin.com/MA/Boston/895-E-4th-St-02127/unit-1/home/40185239,72895462,42.3347239,-71.0275136
Condo/Co-op,48 Sanborn Ave #2,Boston,MA,2132,639900,2,2,West Roxbury,1220,5500,1930,7,525,207,http://www.redfin.com/MA/West-Roxbury/48-Sanborn-Ave-02132/unit-2/home/144111419,72895448,42.2806295,-71.1646483
Townhouse,12 Walnut St #5,Boston,MA,2108,874999,1,1,Beacon Hill,764,,1860,7,1145,474,http://www.redfin.com/MA/Boston/12-Walnut-St-02108/unit-5/home/9259084,72895438,42.357893,-71.0660659
Single Family Residential,15 Trescott St,Boston,MA,2125,1425000,5,3,Dorchester,3660,4000,1895,7,389,,http://www.redfin.com/MA/Dorchester/15-Trescott-St-02125/home/11505118,72895426,42.3159613,-71.0604784
Townhouse,115 F St #1,Boston,MA,2127,799990,2,2,South Boston,1357,1357,1890,7,590,150,http://www.redfin.com/MA/Boston/115-F-St-02127/unit-1/home/9309321,72895420,42.3361025,-71.0483259
Condo/Co-op,55-57 Story St #2,Boston,MA,2127,549000,2,1,South Boston,655,655,1920,7,838,175,http://www.redfin.com/MA/Boston/55-Story-St-02127/unit-2/home/12440000,72895404,42.3333027,-71.0421741
Condo/Co-op,36 Washington St Unit 2A,Boston,MA,2129,519000,1,1,Charlestown,550,,1900,7,944,386,http://www.redfin.com/MA/Boston/36-Washington-St-02129/unit-2A/home/9057830,72895392,42.372849,-71.064797
Condo/Co-op,111 Perkins St #032,Boston,MA,2130,449000,2,1,Jamaica Plain,1134,,1963,7,396,1278,http://www.redfin.com/MA/Jamaica-Plain/111-Perkins-St-02130/unit-032/home/137593683,72895361,42.3222155,-71.1159742
Single Family Residential,15 Burrwood Rd,Boston,MA,2132,699900,3,1.5,West Roxbury,1412,5000,1945,7,496,,http://www.redfin.com/MA/West-Roxbury/15-Burrwood-Rd-02132/home/11507402,72895358,42.2937764,-71.1424611
Condo/Co-op,106 13th St #314,Boston,MA,2129,659000,2,2,Charlestown's Navy Yard,1078,,1920,7,611,1012,http://www.redfin.com/MA/Boston/106-13th-St-02129/unit-314/home/9051186,72895355,42.3772497,-71.0511388
Multi-Family (2-4 Unit),79 Homer St,Boston,MA,2128,924999,6,3,Boston,3267,3800,1910,7,283,,http://www.redfin.com/MA/Boston/79-Homer-St-02128/home/9111096,72895332,42.3816675,-71.0162307
Multi-Family (2-4 Unit),84-86 Raymond St,Boston,MA,2134,989900,4,2,Allston,1920,1770,1890,7,516,,http://www.redfin.com/MA/Boston/84-Raymond-St-02134/home/8990374,72895309,42.3613821,-71.1320253
Multi-Family (2-4 Unit),784 Centre St,Boston,MA,2130,999999,4,2,Jamaica Plain,2392,3500,1928,7,418,,http://www.redfin.com/MA/Jamaica-Plain/784-Centre-St-02130/home/9148241,72895306,42.3089771,-71.1164661
Multi-Family (2-4 Unit),73 Barry St,Boston,MA,2125,787623,6,3,Dorchester,2736,2700,1900,7,288,,http://www.redfin.com/MA/Dorchester/73-Barry-St-02125/home/11504791,72895299,42.3078589,-71.0698103
Condo/Co-op,15 River St #706,Boston,MA,2108,699000,1,1,Beacon Hill,519,519,1900,7,1347,995,http://www.redfin.com/MA/Boston/15-River-St-02108/unit-706/home/17120710,72895300,42.3566437,-71.069989
Condo/Co-op,38-40 Saint Botolph St Unit B3,Boston,MA,2116,649000,1,1,Back Bay,634,,1925,7,1024,419,http://www.redfin.com/MA/Boston/40-Saint-Botolph-St-02116/unit-B-3/home/176381317,72895296,42.3462104,-71.0789031
Single Family Residential,31 Braeburn Rd,Boston,MA,2136,529000,3,1.5,Golf Course area,1179,5000,1940,7,449,,http://www.redfin.com/MA/Boston/31-Braeburn-Rd-02136/home/9135539,72895297,42.2609399,-71.1274097
Single Family Residential,137 W Canton St,Boston,MA,2118,3975000,6,3,South End,3566,1098,1890,7,1115,,http://www.redfin.com/MA/Boston/137-W-Canton-St-02118/home/9253083,72895292,42.3427913,-71.0747663
Parking,404R - 6 K St,Boston,MA,2127,160000,,,South Boston,,500,,7,,65,http://www.redfin.com/MA/Boston/6-K-St-02127/home/176381255,72895284,42.3397072,-71.0374601
Condo/Co-op,1218 VFW Pkwy #60,Boston,MA,2132,500000,2,2,West Roxbury,1098,,1986,7,455,402,http://www.redfin.com/MA/West-Roxbury/1218-VFW-Pkwy-02132/unit-60/home/9201340,72895277,42.2789235,-71.170962
Condo/Co-op,225 Shawmut Ave Unit B,Boston,MA,2118,2100000,3,2,South End,1626,1626,2000,7,1292,584,http://www.redfin.com/MA/Boston/225-Shawmut-Ave-02118/unit-B/home/176381146,72895271,42.344039,-71.067664
Condo/Co-op,37 Wachusett St #2,Boston,MA,2130,529000,2,1,Jamaica Plain,893,893,1905,7,592,250,http://www.redfin.com/MA/Boston/37-Wachusett-St-02130/unit-2/home/9323647,72895268,42.2966138,-71.1132631
Condo/Co-op,234 Causeway St #903,Boston,MA,2114,1099000,2,1,Boston,1180,1180,1899,7,931,1067,http://www.redfin.com/MA/Boston/234-Causeway-St-02114/unit-903/home/9319926,72895260,42.3666816,-71.0592256
Condo/Co-op,100 Shawmut Ave Unit 412,Boston,MA,2118,846900,1,1,South End,623,,2021,7,1359,576,http://www.redfin.com/MA/Boston/100-Shawmut-Ave-02118/unit-412/home/176381039,72895247,42.3466841,-71.0656551
Condo/Co-op,83 Green St #1,Boston,MA,2129,749000,3,1,Charlestown,1020,,1920,7,734,110,http://www.redfin.com/MA/Charlestown/83-Green-St-02129/unit-1/home/9061164,72895242,42.3785336,-71.0621034
Condo/Co-op,145 Bennington St #312,Revere,MA,2151,309900,1,1,Beachmont,615,,2007,7,504,311,http://www.redfin.com/MA/Revere/145-Bennington-St-02151/unit-312/home/18960883,72895238,42.3943026,-70.9941979
Condo/Co-op,50-56 Broadlawn Park #416,Boston,MA,2467,499000,2,2,West Roxbury's Chestnut Hill,1165,1165,1974,7,428,727,http://www.redfin.com/MA/Chestnut-Hill/50-56-Broadlawn-Park-02467/unit-416/home/138430717,72895226,42.3023918,-71.1639988
Multi-Family (2-4 Unit),1400 Columbia Rd,Boston,MA,2127,2999000,7,4,South Boston,3290,4516,2003,7,912,,http://www.redfin.com/MA/Boston/1400-Columbia-Rd-02127/home/9195080,72894567,42.3306686,-71.0439021
Single Family Residential,11 Cotuit St,Boston,MA,2132,549900,2,1,West Roxbury,1000,4038,1920,7,550,,http://www.redfin.com/MA/West-Roxbury/11-Cotuit-St-02132/home/9216542,72895195,42.2834264,-71.1701717
Condo/Co-op,175 CLARE Ave Unit D2,Boston,MA,2136,319900,2,1,Hyde Park,785,785,1960,7,408,450,http://www.redfin.com/MA/Hyde-Park/175-Clare-Ave-02136/unit-D2/home/9136241,72895185,42.2719832,-71.1193674
Single Family Residential,111 Arlington St,Boston,MA,2135,929000,3,1.5,Brighton,1501,5775,1900,7,619,,http://www.redfin.com/MA/Brighton/111-Arlington-St-02135/home/9021566,72895181,42.3528381,-71.1570361
Condo/Co-op,100 Lovejoy Wharf Unit 5C,Boston,MA,2114,1425000,2,2,Waterfront,1244,,2017,7,1145,1297,http://www.redfin.com/MA/Boston/100-Lovejoy-Wharf-02114/unit-5C/home/160698711,72895172,42.3671655,-71.0595267
Condo/Co-op,80 Summer St #2,Boston,MA,2210,1650000,3,3.5,Midtown,2262,,1910,7,729,450,http://www.redfin.com/MA/Boston/80-Summer-St-02110/unit-2/home/144386916,72895116,42.3540141,-71.0581003
Condo/Co-op,29 Gibson St Unit 2L,Boston,MA,2122,349900,2,1,Dorchester's Fields Corner,726,,1910,7,482,300,http://www.redfin.com/MA/Dorchester/29-Gibson-St-02122/unit-2L/home/12431828,72895102,42.2973751,-71.0595499
Condo/Co-op,112 Pinckney #11,Boston,MA,2114,725000,1,1,Beacon Hill,703,,1910,7,1031,377,http://www.redfin.com/MA/Boston/112-Pinckney-St-02114/unit-11/home/9255395,72895096,42.3586758,-71.0720444
Condo/Co-op,615 Tremont St #1,Boston,MA,2118,3250000,4,3,South End,2300,,2017,7,1413,473,http://www.redfin.com/MA/Boston/615-Tremont-St-02118/unit-1/home/167702004,72895086,42.3428385,-71.0742639
Condo/Co-op,152 Old Colony Ave #7,Boston,MA,2127,749000,2,2,Boston,1105,,2006,7,678,328,http://www.redfin.com/MA/Boston/152-Old-Colony-Ave-02127/unit-7/home/12519058,72895085,42.3346681,-71.0546518
Single Family Residential,355 Metropolitan Ave,Boston,MA,2131,875000,4,1.5,Roslindale,2058,11935,1934,7,425,,http://www.redfin.com/MA/Boston/355-Metropolitan-Ave-02131/home/11507831,72895084,42.273216,-71.1236613
Condo/Co-op,115 Union St #115,Boston,MA,2135,999000,3,2.5,Brighton,2096,2096,2008,7,477,303,http://www.redfin.com/MA/Brighton/115-Union-St-02135/unit-115/home/28857466,72895068,42.346318,-71.152525
Condo/Co-op,46 Riverdale St #3,Boston,MA,2134,499000,2,1,Allston,742,742,1920,7,673,63,http://www.redfin.com/MA/Boston/46-Riverdale-St-02134/unit-3/home/8990478,72895066,42.3621707,-71.1324927
Multi-Family (2-4 Unit),308-310 Faneuil St,Boston,MA,2135,1349000,8,3,Brighton,3490,4089,1902,7,387,,http://www.redfin.com/MA/Boston/308-Faneuil-St-02135/home/9034969,72895044,42.3522169,-71.1630957
